# Anh-Anh<TAB>Anh-Mỹ (quyết định 2: chuẩn en-US). Bước 01 đổi trước, rồi mới áp quy tắc chung -our → -or (có ngoại lệ trong code).
colour	color
favourite	favorite
neighbour	neighbor
flavour	flavor
behaviour	behavior
honour	honor
humour	humor
labour	labor
harbour	harbor
centre	center
theatre	theater
metre	meter
litre	liter
kilometre	kilometer
centimetre	centimeter
programme	program
grey	gray
cheque	check
tyre	tire
mum	mom
pyjamas	pajamas
aeroplane	airplane
jewellery	jewelry
travelling	traveling
cancelled	canceled
organise	organize
realise	realize
practise	practice
apologise	apologize
recognise	recognize
licence	license
defence	defense
dialogue	dialog
catalogue	catalog
mould	mold
plough	plow
cosy	cozy
storey	story
